<?xml version="1.0" encoding="UTF-8"?>
<!DOCTYPE mapper PUBLIC "-//mybatis.org//DTD Mapper 3.0//EN"
        "http://mybatis.org/dtd/mybatis-3-mapper.dtd">
<mapper namespace="com.mapper.sys.SysDictMapper">

    <resultMap id="BaseResultMap" type="com.entity.sys.SysDict" >
        <result column="id" property="id" />
        <result column="create_time" property="createTime" />
        <result column="create_by" property="createBy" />
        <result column="update_time" property="updateTime" />
        <result column="update_by" property="updateBy" />
        <result column="parent_id" property="parentId" />
        <result column="dict_code" property="dictCode" />
        <result column="dict_name" property="dictName" />
        <result column="dict_value" property="dictValue" />
        <result column="sort" property="sort" />
        <result column="remark" property="remark" />
    </resultMap>

</mapper>