<?xml version="1.0" encoding="UTF-8"?>
<!DOCTYPE mapper PUBLIC "-//mybatis.org//DTD Mapper 3.0//EN"
        "http://mybatis.org/dtd/mybatis-3-mapper.dtd">
<mapper namespace="com.mapper.sys.SysRoleMapper">

    <resultMap id="BaseResultMap" type="com.entity.sys.SysRole" >
        <result column="id" property="id" />
        <result column="role_name" property="roleName" />
        <result column="role_key" property="roleKey" />
        <result column="create_by" property="createBy" />
        <result column="create_time" property="createTime" />
        <result column="update_by" property="updateBy" />
        <result column="update_time" property="updateTime" />
        <result column="remark" property="remark" />
    </resultMap>

</mapper>