<?xml version="1.0" encoding="UTF-8"?>
<!DOCTYPE mapper PUBLIC "-//mybatis.org//DTD Mapper 3.0//EN"
        "http://mybatis.org/dtd/mybatis-3-mapper.dtd">
<mapper namespace="com.mapper.sys.SysTokenMapper">

    <resultMap id="BaseResultMap" type="com.entity.sys.SysToken" >
        <result column="id" property="id" />
        <result column="user_id" property="userId" />
        <result column="token" property="token" />
        <result column="type" property="type" />
        <result column="status" property="status" />
        <result column="login_time" property="loginTime" />
        <result column="logout_time" property="logoutTime" />
        <result column="last_request_time" property="lastRequestTime" />
    </resultMap>

</mapper>